Кампания;Доп. объявление группы;Тип объявления;Номер группы;Название группы;Фраза (с минус-словами);Заголовок 1;Заголовок 2;Текст;Ссылка;Отображаемая ссылка;Регион;Ставка;Заголовки быстрых ссылок;Описания быстрых ссылок;Адреса быстрых ссылок;Уточнения;Минус-фразы на группу
КЛ_Поиск_Доска_Брус;-;Текстово-графическое;1;Доска обрезная;доска обрезная купить;Доска обрезная в Москве;От 10 000 ₽/м³;Сосна и ель, 1 и 2 сорт, длина 6 м. Цена за куб и за штуку в каталоге.;https://kub-lesa.ru/catalog/doska-obreznaya/?utm_source=yandex&utm_medium=cpc&utm_campaign={campaign_id}&utm_content={ad_id}&utm_term={keyword}&utm_ads={campaign_type}_{source_type};doska;Москва и Московская область;;Доска обрезная||Брус||Доставка и услуги||Контакты;Сосна/ель, 1 и 2 сорт, цена за м³||Сосна/ель и осина, 100×100–150×150||Москва и МО, распил, антисептирование||м. Румянцево, ежедневно 10–19;https://kub-lesa.ru/catalog/doska-obreznaya/||https://kub-lesa.ru/catalog/brus/obreznoy/||https://kub-lesa.ru/dostavka/||https://kub-lesa.ru/kontakty/;Напрямую с пилорамы||Расчёт по списку||Распил до 3 м³ бесплатно||Ежедневно 10:00–19:00;-необрезная -террасная -палубная -лиственница -дуб -ясень -б у
КЛ_Поиск_Доска_Брус;-;Текстово-графическое;1;Доска обрезная;доска обрезная цена за куб;;;;;;;;;;;;
КЛ_Поиск_Доска_Брус;-;Текстово-графическое;1;Доска обрезная;доска обрезная москва;;;;;;;;;;;;
КЛ_Поиск_Доска_Брус;-;Текстово-графическое;1;Доска обрезная;доска обрезная 50х150 купить;;;;;;;;;;;;
КЛ_Поиск_Доска_Брус;-;Текстово-графическое;1;Доска обрезная;доска обрезная 25х100;;;;;;;;;;;;
КЛ_Поиск_Доска_Брус;-;Текстово-графическое;1;Доска обрезная;доска обрезная 1 сорт;;;;;;;;;;;;
КЛ_Поиск_Доска_Брус;-;Текстово-графическое;1;Доска обрезная;обрезная доска с доставкой;;;;;;;;;;;;
КЛ_Поиск_Доска_Брус;-;Текстово-графическое;1;Доска обрезная;доска 6 метров обрезная;;;;;;;;;;;;
КЛ_Поиск_Доска_Брус;+;Текстово-графическое;1;Доска обрезная;;Обрезная доска, сосна/ель;Прайс за м³ на сайте;25×100, 25×150, 50×150 и другие сечения. Доставку согласуем до заказа.;https://kub-lesa.ru/catalog/doska-obreznaya/?utm_source=yandex&utm_medium=cpc&utm_campaign={campaign_id}&utm_content={ad_id}&utm_term={keyword}&utm_ads={campaign_type}_{source_type};doska;;;Доска обрезная||Брус||Доставка и услуги||Контакты;Сосна/ель, 1 и 2 сорт, цена за м³||Сосна/ель и осина, 100×100–150×150||Москва и МО, распил, антисептирование||м. Румянцево, ежедневно 10–19;https://kub-lesa.ru/catalog/doska-obreznaya/||https://kub-lesa.ru/catalog/brus/obreznoy/||https://kub-lesa.ru/dostavka/||https://kub-lesa.ru/kontakty/;Напрямую с пилорамы||Расчёт по списку||Распил до 3 м³ бесплатно||Ежедневно 10:00–19:00;
КЛ_Поиск_Доска_Брус;+;Текстово-графическое;1;Доска обрезная;;Доска обрезная с доставкой;Москва и область;Напрямую с пилорамы. Распил до 3 м³ бесплатно. Склад у м. Румянцево.;https://kub-lesa.ru/catalog/doska-obreznaya/?utm_source=yandex&utm_medium=cpc&utm_campaign={campaign_id}&utm_content={ad_id}&utm_term={keyword}&utm_ads={campaign_type}_{source_type};doska;;;Доска обрезная||Брус||Доставка и услуги||Контакты;Сосна/ель, 1 и 2 сорт, цена за м³||Сосна/ель и осина, 100×100–150×150||Москва и МО, распил, антисептирование||м. Румянцево, ежедневно 10–19;https://kub-lesa.ru/catalog/doska-obreznaya/||https://kub-lesa.ru/catalog/brus/obreznoy/||https://kub-lesa.ru/dostavka/||https://kub-lesa.ru/kontakty/;Напрямую с пилорамы||Расчёт по списку||Распил до 3 м³ бесплатно||Ежедневно 10:00–19:00;
КЛ_Поиск_Доска_Брус;+;Текстово-графическое;1;Доска обрезная;;Доска 1 сорта — 18 500 ₽/м³;Сосна и ель, 6 м;Пришлите список — посчитаем доску и доставку на ваш объект.;https://kub-lesa.ru/catalog/doska-obreznaya/?utm_source=yandex&utm_medium=cpc&utm_campaign={campaign_id}&utm_content={ad_id}&utm_term={keyword}&utm_ads={campaign_type}_{source_type};doska;;;Доска обрезная||Брус||Доставка и услуги||Контакты;Сосна/ель, 1 и 2 сорт, цена за м³||Сосна/ель и осина, 100×100–150×150||Москва и МО, распил, антисептирование||м. Румянцево, ежедневно 10–19;https://kub-lesa.ru/catalog/doska-obreznaya/||https://kub-lesa.ru/catalog/brus/obreznoy/||https://kub-lesa.ru/dostavka/||https://kub-lesa.ru/kontakty/;Напрямую с пилорамы||Расчёт по списку||Распил до 3 м³ бесплатно||Ежедневно 10:00–19:00;
КЛ_Поиск_Доска_Брус;-;Текстово-графическое;2;Брус;брус купить;Брус обрезной в Москве;От 11 000 ₽/м³;Сосна, ель, осина. 100×100, 150×150 и другие сечения, длина 6 м.;https://kub-lesa.ru/catalog/brus/obreznoy/?utm_source=yandex&utm_medium=cpc&utm_campaign={campaign_id}&utm_content={ad_id}&utm_term={keyword}&utm_ads={campaign_type}_{source_type};brus;Москва и Московская область;;Доска обрезная||Брус||Доставка и услуги||Контакты;Сосна/ель, 1 и 2 сорт, цена за м³||Сосна/ель и осина, 100×100–150×150||Москва и МО, распил, антисептирование||м. Румянцево, ежедневно 10–19;https://kub-lesa.ru/catalog/doska-obreznaya/||https://kub-lesa.ru/catalog/brus/obreznoy/||https://kub-lesa.ru/dostavka/||https://kub-lesa.ru/kontakty/;Напрямую с пилорамы||Расчёт по списку||Распил до 3 м³ бесплатно||Ежедневно 10:00–19:00;-клееный -профилированный -оцилиндрованный -дом из бруса -баня из бруса -стальной -металлический
КЛ_Поиск_Доска_Брус;-;Текстово-графическое;2;Брус;брус 150х150 купить;;;;;;;;;;;;
КЛ_Поиск_Доска_Брус;-;Текстово-графическое;2;Брус;брус 100х100 цена;;;;;;;;;;;;
КЛ_Поиск_Доска_Брус;-;Текстово-графическое;2;Брус;брус обрезной москва;;;;;;;;;;;;
КЛ_Поиск_Доска_Брус;-;Текстово-графическое;2;Брус;брус естественной влажности;;;;;;;;;;;;
КЛ_Поиск_Доска_Брус;-;Текстово-графическое;2;Брус;брус 6 метров цена за куб;;;;;;;;;;;;
КЛ_Поиск_Доска_Брус;-;Текстово-графическое;2;Брус;брус с доставкой;;;;;;;;;;;;
КЛ_Поиск_Доска_Брус;+;Текстово-графическое;2;Брус;;Брус 150×150 и 100×100;Цена за куб и за штуку;Естественная влажность, 1 и 2 сорт. Наличие и доставку подтвердим до заказа.;https://kub-lesa.ru/catalog/brus/obreznoy/?utm_source=yandex&utm_medium=cpc&utm_campaign={campaign_id}&utm_content={ad_id}&utm_term={keyword}&utm_ads={campaign_type}_{source_type};brus;;;Доска обрезная||Брус||Доставка и услуги||Контакты;Сосна/ель, 1 и 2 сорт, цена за м³||Сосна/ель и осина, 100×100–150×150||Москва и МО, распил, антисептирование||м. Румянцево, ежедневно 10–19;https://kub-lesa.ru/catalog/doska-obreznaya/||https://kub-lesa.ru/catalog/brus/obreznoy/||https://kub-lesa.ru/dostavka/||https://kub-lesa.ru/kontakty/;Напрямую с пилорамы||Расчёт по списку||Распил до 3 м³ бесплатно||Ежедневно 10:00–19:00;
КЛ_Поиск_Доска_Брус;+;Текстово-графическое;2;Брус;;Брус с доставкой по МО;Напрямую с пилорамы;Поставляем согласованное сечение. Пришлите список — посчитаем всё сразу.;https://kub-lesa.ru/catalog/brus/obreznoy/?utm_source=yandex&utm_medium=cpc&utm_campaign={campaign_id}&utm_content={ad_id}&utm_term={keyword}&utm_ads={campaign_type}_{source_type};brus;;;Доска обрезная||Брус||Доставка и услуги||Контакты;Сосна/ель, 1 и 2 сорт, цена за м³||Сосна/ель и осина, 100×100–150×150||Москва и МО, распил, антисептирование||м. Румянцево, ежедневно 10–19;https://kub-lesa.ru/catalog/doska-obreznaya/||https://kub-lesa.ru/catalog/brus/obreznoy/||https://kub-lesa.ru/dostavka/||https://kub-lesa.ru/kontakty/;Напрямую с пилорамы||Расчёт по списку||Распил до 3 м³ бесплатно||Ежедневно 10:00–19:00;
КЛ_Поиск_Доска_Брус;-;Текстово-графическое;3;Бруски;брусок 50х50 купить;Бруски сосна от 100 ₽/шт;Для каркаса и обрешётки;50×50 и другие сечения, 1 и 2 сорт. Цены за штуку в каталоге.;https://kub-lesa.ru/catalog/brusok/?utm_source=yandex&utm_medium=cpc&utm_campaign={campaign_id}&utm_content={ad_id}&utm_term={keyword}&utm_ads={campaign_type}_{source_type};brusok;Москва и Московская область;;Доска обрезная||Брус||Доставка и услуги||Контакты;Сосна/ель, 1 и 2 сорт, цена за м³||Сосна/ель и осина, 100×100–150×150||Москва и МО, распил, антисептирование||м. Румянцево, ежедневно 10–19;https://kub-lesa.ru/catalog/doska-obreznaya/||https://kub-lesa.ru/catalog/brus/obreznoy/||https://kub-lesa.ru/dostavka/||https://kub-lesa.ru/kontakty/;Напрямую с пилорамы||Расчёт по списку||Распил до 3 м³ бесплатно||Ежедневно 10:00–19:00;-точильный -абразивный -алмазный -мебельный щит
КЛ_Поиск_Доска_Брус;-;Текстово-графическое;3;Бруски;брусок сосна 3 метра;;;;;;;;;;;;
КЛ_Поиск_Доска_Брус;-;Текстово-графическое;3;Бруски;брусок деревянный москва;;;;;;;;;;;;
КЛ_Поиск_Доска_Брус;-;Текстово-графическое;3;Бруски;брусок для обрешетки;;;;;;;;;;;;
КЛ_Поиск_Доска_Брус;+;Текстово-графическое;3;Бруски;;Брусок деревянный в Москве;Сосна, длина 3 м;Каркас, обрешётка, лаги. Доставку по Москве и МО согласуем до заказа.;https://kub-lesa.ru/catalog/brusok/?utm_source=yandex&utm_medium=cpc&utm_campaign={campaign_id}&utm_content={ad_id}&utm_term={keyword}&utm_ads={campaign_type}_{source_type};brusok;;;Доска обрезная||Брус||Доставка и услуги||Контакты;Сосна/ель, 1 и 2 сорт, цена за м³||Сосна/ель и осина, 100×100–150×150||Москва и МО, распил, антисептирование||м. Румянцево, ежедневно 10–19;https://kub-lesa.ru/catalog/doska-obreznaya/||https://kub-lesa.ru/catalog/brus/obreznoy/||https://kub-lesa.ru/dostavka/||https://kub-lesa.ru/kontakty/;Напрямую с пилорамы||Расчёт по списку||Распил до 3 м³ бесплатно||Ежедневно 10:00–19:00;
КЛ_Поиск_Доска_Брус;+;Текстово-графическое;3;Бруски;;Брусок 50×50 сосна;Москва и область;Добавьте бруски к заказу доски и бруса — посчитаем одним списком.;https://kub-lesa.ru/catalog/brusok/?utm_source=yandex&utm_medium=cpc&utm_campaign={campaign_id}&utm_content={ad_id}&utm_term={keyword}&utm_ads={campaign_type}_{source_type};brusok;;;Доска обрезная||Брус||Доставка и услуги||Контакты;Сосна/ель, 1 и 2 сорт, цена за м³||Сосна/ель и осина, 100×100–150×150||Москва и МО, распил, антисептирование||м. Румянцево, ежедневно 10–19;https://kub-lesa.ru/catalog/doska-obreznaya/||https://kub-lesa.ru/catalog/brus/obreznoy/||https://kub-lesa.ru/dostavka/||https://kub-lesa.ru/kontakty/;Напрямую с пилорамы||Расчёт по списку||Распил до 3 м³ бесплатно||Ежедневно 10:00–19:00;
КЛ_Поиск_Листовые_Облицовка;-;Текстово-графическое;4;Фанера;фанера купить;Фанера ФК, ФСФ, ламинированная;От 315 ₽/лист;Разные толщины. Цены за лист в каталоге. Москва и Московская область.;https://kub-lesa.ru/catalog/fanera/?utm_source=yandex&utm_medium=cpc&utm_campaign={campaign_id}&utm_content={ad_id}&utm_term={keyword}&utm_ads={campaign_type}_{source_type};fanera;Москва и Московская область;;Доска обрезная||Брус||Доставка и услуги||Контакты;Сосна/ель, 1 и 2 сорт, цена за м³||Сосна/ель и осина, 100×100–150×150||Москва и МО, распил, антисептирование||м. Румянцево, ежедневно 10–19;https://kub-lesa.ru/catalog/doska-obreznaya/||https://kub-lesa.ru/catalog/brus/obreznoy/||https://kub-lesa.ru/dostavka/||https://kub-lesa.ru/kontakty/;Напрямую с пилорамы||Расчёт по списку||Распил до 3 м³ бесплатно||Ежедневно 10:00–19:00;-мебель из фанеры -лазерная резка -станок -чертежи -своими руками
КЛ_Поиск_Листовые_Облицовка;-;Текстово-графическое;4;Фанера;фанера фк цена за лист;;;;;;;;;;;;
КЛ_Поиск_Листовые_Облицовка;-;Текстово-графическое;4;Фанера;фанера фсф 18 мм;;;;;;;;;;;;
КЛ_Поиск_Листовые_Облицовка;-;Текстово-графическое;4;Фанера;фанера ламинированная купить;;;;;;;;;;;;
КЛ_Поиск_Листовые_Облицовка;-;Текстово-графическое;4;Фанера;фанера москва;;;;;;;;;;;;
КЛ_Поиск_Листовые_Облицовка;+;Текстово-графическое;4;Фанера;;Фанера в Москве;Цена за лист на сайте;ФК, ФСФ и ламинированная с сеткой. Посчитаем вместе с остальными материалами.;https://kub-lesa.ru/catalog/fanera/?utm_source=yandex&utm_medium=cpc&utm_campaign={campaign_id}&utm_content={ad_id}&utm_term={keyword}&utm_ads={campaign_type}_{source_type};fanera;;;Доска обрезная||Брус||Доставка и услуги||Контакты;Сосна/ель, 1 и 2 сорт, цена за м³||Сосна/ель и осина, 100×100–150×150||Москва и МО, распил, антисептирование||м. Румянцево, ежедневно 10–19;https://kub-lesa.ru/catalog/doska-obreznaya/||https://kub-lesa.ru/catalog/brus/obreznoy/||https://kub-lesa.ru/dostavka/||https://kub-lesa.ru/kontakty/;Напрямую с пилорамы||Расчёт по списку||Распил до 3 м³ бесплатно||Ежедневно 10:00–19:00;
КЛ_Поиск_Листовые_Облицовка;+;Текстово-графическое;4;Фанера;;Фанера ФСФ для стройки;Москва и область;Подберём марку и толщину. Наличие и доставку подтвердим до заказа.;https://kub-lesa.ru/catalog/fanera/?utm_source=yandex&utm_medium=cpc&utm_campaign={campaign_id}&utm_content={ad_id}&utm_term={keyword}&utm_ads={campaign_type}_{source_type};fanera;;;Доска обрезная||Брус||Доставка и услуги||Контакты;Сосна/ель, 1 и 2 сорт, цена за м³||Сосна/ель и осина, 100×100–150×150||Москва и МО, распил, антисептирование||м. Румянцево, ежедневно 10–19;https://kub-lesa.ru/catalog/doska-obreznaya/||https://kub-lesa.ru/catalog/brus/obreznoy/||https://kub-lesa.ru/dostavka/||https://kub-lesa.ru/kontakty/;Напрямую с пилорамы||Расчёт по списку||Распил до 3 м³ бесплатно||Ежедневно 10:00–19:00;
КЛ_Поиск_Листовые_Облицовка;-;Текстово-графическое;5;OSB;osb купить;Плиты OSB от 600 ₽/лист;Разные толщины;OSB для стен, пола и кровли. Цены за лист в каталоге. Москва и МО.;https://kub-lesa.ru/catalog/osb/?utm_source=yandex&utm_medium=cpc&utm_campaign={campaign_id}&utm_content={ad_id}&utm_term={keyword}&utm_ads={campaign_type}_{source_type};osb;Москва и Московская область;;Доска обрезная||Брус||Доставка и услуги||Контакты;Сосна/ель, 1 и 2 сорт, цена за м³||Сосна/ель и осина, 100×100–150×150||Москва и МО, распил, антисептирование||м. Румянцево, ежедневно 10–19;https://kub-lesa.ru/catalog/doska-obreznaya/||https://kub-lesa.ru/catalog/brus/obreznoy/||https://kub-lesa.ru/dostavka/||https://kub-lesa.ru/kontakty/;Напрямую с пилорамы||Расчёт по списку||Распил до 3 м³ бесплатно||Ежедневно 10:00–19:00;-sip панели -дом из -сип
КЛ_Поиск_Листовые_Облицовка;-;Текстово-графическое;5;OSB;осб плита цена;;;;;;;;;;;;
КЛ_Поиск_Листовые_Облицовка;-;Текстово-графическое;5;OSB;osb 3 9 мм;;;;;;;;;;;;
КЛ_Поиск_Листовые_Облицовка;-;Текстово-графическое;5;OSB;плита осб 12 мм купить;;;;;;;;;;;;
КЛ_Поиск_Листовые_Облицовка;-;Текстово-графическое;5;OSB;осб москва;;;;;;;;;;;;
КЛ_Поиск_Листовые_Облицовка;+;Текстово-графическое;5;OSB;;OSB-плита в Москве;Цена за лист на сайте;Добавьте OSB к заказу доски и бруса — посчитаем одним списком.;https://kub-lesa.ru/catalog/osb/?utm_source=yandex&utm_medium=cpc&utm_campaign={campaign_id}&utm_content={ad_id}&utm_term={keyword}&utm_ads={campaign_type}_{source_type};osb;;;Доска обрезная||Брус||Доставка и услуги||Контакты;Сосна/ель, 1 и 2 сорт, цена за м³||Сосна/ель и осина, 100×100–150×150||Москва и МО, распил, антисептирование||м. Румянцево, ежедневно 10–19;https://kub-lesa.ru/catalog/doska-obreznaya/||https://kub-lesa.ru/catalog/brus/obreznoy/||https://kub-lesa.ru/dostavka/||https://kub-lesa.ru/kontakty/;Напрямую с пилорамы||Расчёт по списку||Распил до 3 м³ бесплатно||Ежедневно 10:00–19:00;
КЛ_Поиск_Листовые_Облицовка;+;Текстово-графическое;5;OSB;;ОСБ плиты для стройки;Москва и область;Подберём толщину под задачу. Наличие и доставку подтвердим до заказа.;https://kub-lesa.ru/catalog/osb/?utm_source=yandex&utm_medium=cpc&utm_campaign={campaign_id}&utm_content={ad_id}&utm_term={keyword}&utm_ads={campaign_type}_{source_type};osb;;;Доска обрезная||Брус||Доставка и услуги||Контакты;Сосна/ель, 1 и 2 сорт, цена за м³||Сосна/ель и осина, 100×100–150×150||Москва и МО, распил, антисептирование||м. Румянцево, ежедневно 10–19;https://kub-lesa.ru/catalog/doska-obreznaya/||https://kub-lesa.ru/catalog/brus/obreznoy/||https://kub-lesa.ru/dostavka/||https://kub-lesa.ru/kontakty/;Напрямую с пилорамы||Расчёт по списку||Распил до 3 м³ бесплатно||Ежедневно 10:00–19:00;
КЛ_Поиск_Листовые_Облицовка;-;Текстово-графическое;6;Вагонка и имитация бруса;вагонка купить;Вагонка сосна/ель от 500 ₽/м²;Евро, штиль;Цены за м² и за пачку в каталоге. Москва и Московская область.;https://kub-lesa.ru/catalog/vagonka/?utm_source=yandex&utm_medium=cpc&utm_campaign={campaign_id}&utm_content={ad_id}&utm_term={keyword}&utm_ads={campaign_type}_{source_type};vagonka;Москва и Московская область;;Доска обрезная||Брус||Доставка и услуги||Контакты;Сосна/ель, 1 и 2 сорт, цена за м³||Сосна/ель и осина, 100×100–150×150||Москва и МО, распил, антисептирование||м. Румянцево, ежедневно 10–19;https://kub-lesa.ru/catalog/doska-obreznaya/||https://kub-lesa.ru/catalog/brus/obreznoy/||https://kub-lesa.ru/dostavka/||https://kub-lesa.ru/kontakty/;Напрямую с пилорамы||Расчёт по списку||Распил до 3 м³ бесплатно||Ежедневно 10:00–19:00;-пластиковая -пвх -мдф -металлическая -липа -осина для бани
КЛ_Поиск_Листовые_Облицовка;-;Текстово-графическое;6;Вагонка и имитация бруса;евровагонка сосна;;;;;;;;;;;;
КЛ_Поиск_Листовые_Облицовка;-;Текстово-графическое;6;Вагонка и имитация бруса;вагонка цена за м2;;;;;;;;;;;;
КЛ_Поиск_Листовые_Облицовка;-;Текстово-графическое;6;Вагонка и имитация бруса;имитация бруса купить;;;;;;;;;;;;
КЛ_Поиск_Листовые_Облицовка;-;Текстово-графическое;6;Вагонка и имитация бруса;вагонка штиль;;;;;;;;;;;;
КЛ_Поиск_Листовые_Облицовка;-;Текстово-графическое;6;Вагонка и имитация бруса;блок хаус купить;;;;;;;;;;;;
КЛ_Поиск_Листовые_Облицовка;+;Текстово-графическое;6;Вагонка и имитация бруса;;Вагонка и имитация бруса;Москва и область;Евровагонка, штиль, имитация бруса, блок-хаус. Посчитаем по площади.;https://kub-lesa.ru/catalog/vagonka/?utm_source=yandex&utm_medium=cpc&utm_campaign={campaign_id}&utm_content={ad_id}&utm_term={keyword}&utm_ads={campaign_type}_{source_type};vagonka;;;Доска обрезная||Брус||Доставка и услуги||Контакты;Сосна/ель, 1 и 2 сорт, цена за м³||Сосна/ель и осина, 100×100–150×150||Москва и МО, распил, антисептирование||м. Румянцево, ежедневно 10–19;https://kub-lesa.ru/catalog/doska-obreznaya/||https://kub-lesa.ru/catalog/brus/obreznoy/||https://kub-lesa.ru/dostavka/||https://kub-lesa.ru/kontakty/;Напрямую с пилорамы||Расчёт по списку||Распил до 3 м³ бесплатно||Ежедневно 10:00–19:00;
КЛ_Поиск_Листовые_Облицовка;+;Текстово-графическое;6;Вагонка и имитация бруса;;Евровагонка в Москве;Цена за м² на сайте;Сосна и ель. Наличие и доставку подтвердим до заказа. Склад у Румянцево.;https://kub-lesa.ru/catalog/vagonka/?utm_source=yandex&utm_medium=cpc&utm_campaign={campaign_id}&utm_content={ad_id}&utm_term={keyword}&utm_ads={campaign_type}_{source_type};vagonka;;;Доска обрезная||Брус||Доставка и услуги||Контакты;Сосна/ель, 1 и 2 сорт, цена за м³||Сосна/ель и осина, 100×100–150×150||Москва и МО, распил, антисептирование||м. Румянцево, ежедневно 10–19;https://kub-lesa.ru/catalog/doska-obreznaya/||https://kub-lesa.ru/catalog/brus/obreznoy/||https://kub-lesa.ru/dostavka/||https://kub-lesa.ru/kontakty/;Напрямую с пилорамы||Расчёт по списку||Распил до 3 м³ бесплатно||Ежедневно 10:00–19:00;
КЛ_Поиск_Листовые_Облицовка;-;Текстово-графическое;7;Доска пола;доска пола купить;Доска пола от 1 150 ₽/м²;Шпунтованная;Цена за м² и за пачку в каталоге. Москва и Московская область.;https://kub-lesa.ru/catalog/doska-pola/?utm_source=yandex&utm_medium=cpc&utm_campaign={campaign_id}&utm_content={ad_id}&utm_term={keyword}&utm_ads={campaign_type}_{source_type};pol;Москва и Московская область;;Доска обрезная||Брус||Доставка и услуги||Контакты;Сосна/ель, 1 и 2 сорт, цена за м³||Сосна/ель и осина, 100×100–150×150||Москва и МО, распил, антисептирование||м. Румянцево, ежедневно 10–19;https://kub-lesa.ru/catalog/doska-obreznaya/||https://kub-lesa.ru/catalog/brus/obreznoy/||https://kub-lesa.ru/dostavka/||https://kub-lesa.ru/kontakty/;Напрямую с пилорамы||Расчёт по списку||Распил до 3 м³ бесплатно||Ежедневно 10:00–19:00;-ламинат -паркет -инженерная -массивная доска дуб
КЛ_Поиск_Листовые_Облицовка;-;Текстово-графическое;7;Доска пола;шпунтованная доска пола;;;;;;;;;;;;
КЛ_Поиск_Листовые_Облицовка;-;Текстово-графическое;7;Доска пола;доска пола сосна цена;;;;;;;;;;;;
КЛ_Поиск_Листовые_Облицовка;-;Текстово-графическое;7;Доска пола;половая доска москва;;;;;;;;;;;;
КЛ_Поиск_Листовые_Облицовка;+;Текстово-графическое;7;Доска пола;;Половая доска в Москве;Шпунт, сосна/ель;Посчитаем количество по площади комнаты. Доставку согласуем до заказа.;https://kub-lesa.ru/catalog/doska-pola/?utm_source=yandex&utm_medium=cpc&utm_campaign={campaign_id}&utm_content={ad_id}&utm_term={keyword}&utm_ads={campaign_type}_{source_type};pol;;;Доска обрезная||Брус||Доставка и услуги||Контакты;Сосна/ель, 1 и 2 сорт, цена за м³||Сосна/ель и осина, 100×100–150×150||Москва и МО, распил, антисептирование||м. Румянцево, ежедневно 10–19;https://kub-lesa.ru/catalog/doska-obreznaya/||https://kub-lesa.ru/catalog/brus/obreznoy/||https://kub-lesa.ru/dostavka/||https://kub-lesa.ru/kontakty/;Напрямую с пилорамы||Расчёт по списку||Распил до 3 м³ бесплатно||Ежедневно 10:00–19:00;
КЛ_Поиск_Листовые_Облицовка;+;Текстово-графическое;7;Доска пола;;Шпунтованная доска пола;Москва и область;Разные сечения. Пришлите размеры — посчитаем доску и лаги одним списком.;https://kub-lesa.ru/catalog/doska-pola/?utm_source=yandex&utm_medium=cpc&utm_campaign={campaign_id}&utm_content={ad_id}&utm_term={keyword}&utm_ads={campaign_type}_{source_type};pol;;;Доска обрезная||Брус||Доставка и услуги||Контакты;Сосна/ель, 1 и 2 сорт, цена за м³||Сосна/ель и осина, 100×100–150×150||Москва и МО, распил, антисептирование||м. Румянцево, ежедневно 10–19;https://kub-lesa.ru/catalog/doska-obreznaya/||https://kub-lesa.ru/catalog/brus/obreznoy/||https://kub-lesa.ru/dostavka/||https://kub-lesa.ru/kontakty/;Напрямую с пилорамы||Расчёт по списку||Распил до 3 м³ бесплатно||Ежедневно 10:00–19:00;
КЛ_Поиск_Общие_Опт;-;Текстово-графическое;8;Пиломатериалы общие;пиломатериалы москва;Пиломатериалы в Москве и МО;Напрямую с пилорамы;Доска, брус, фанера, OSB, вагонка. Цены в каталоге. Расчёт по вашему списку.;https://kub-lesa.ru/?utm_source=yandex&utm_medium=cpc&utm_campaign={campaign_id}&utm_content={ad_id}&utm_term={keyword}&utm_ads={campaign_type}_{source_type};obshie;Москва и Московская область;;Доска обрезная||Брус||Доставка и услуги||Контакты;Сосна/ель, 1 и 2 сорт, цена за м³||Сосна/ель и осина, 100×100–150×150||Москва и МО, распил, антисептирование||м. Румянцево, ежедневно 10–19;https://kub-lesa.ru/catalog/doska-obreznaya/||https://kub-lesa.ru/catalog/brus/obreznoy/||https://kub-lesa.ru/dostavka/||https://kub-lesa.ru/kontakty/;Напрямую с пилорамы||Расчёт по списку||Распил до 3 м³ бесплатно||Ежедневно 10:00–19:00;-вакансии -оборудование -станок -пилорама купить -ленточная пилорама
КЛ_Поиск_Общие_Опт;-;Текстово-графическое;8;Пиломатериалы общие;пиломатериалы купить;;;;;;;;;;;;
КЛ_Поиск_Общие_Опт;-;Текстово-графическое;8;Пиломатериалы общие;пиломатериалы с доставкой;;;;;;;;;;;;
КЛ_Поиск_Общие_Опт;-;Текстово-графическое;8;Пиломатериалы общие;пиломатериалы оптом;;;;;;;;;;;;
КЛ_Поиск_Общие_Опт;-;Текстово-графическое;8;Пиломатериалы общие;пиломатериалы от производителя;;;;;;;;;;;;
КЛ_Поиск_Общие_Опт;-;Текстово-графическое;8;Пиломатериалы общие;пилорама москва пиломатериалы;;;;;;;;;;;;
КЛ_Поиск_Общие_Опт;-;Текстово-графическое;8;Пиломатериалы общие;пиломатериалы румянцево;;;;;;;;;;;;
КЛ_Поиск_Общие_Опт;+;Текстово-графическое;8;Пиломатериалы общие;;Пиломатериалы с доставкой;Прайс на сайте;Пришлите смету — посчитаем материалы и доставку. Ежедневно 10:00–19:00.;https://kub-lesa.ru/?utm_source=yandex&utm_medium=cpc&utm_campaign={campaign_id}&utm_content={ad_id}&utm_term={keyword}&utm_ads={campaign_type}_{source_type};obshie;;;Доска обрезная||Брус||Доставка и услуги||Контакты;Сосна/ель, 1 и 2 сорт, цена за м³||Сосна/ель и осина, 100×100–150×150||Москва и МО, распил, антисептирование||м. Румянцево, ежедневно 10–19;https://kub-lesa.ru/catalog/doska-obreznaya/||https://kub-lesa.ru/catalog/brus/obreznoy/||https://kub-lesa.ru/dostavka/||https://kub-lesa.ru/kontakty/;Напрямую с пилорамы||Расчёт по списку||Распил до 3 м³ бесплатно||Ежедневно 10:00–19:00;
КЛ_Поиск_Общие_Опт;+;Текстово-графическое;8;Пиломатериалы общие;;Пиломатериалы для стройки;Москва и область;Для частных строек и бригад. Склад у м. Румянцево. Самовывоз и доставка.;https://kub-lesa.ru/?utm_source=yandex&utm_medium=cpc&utm_campaign={campaign_id}&utm_content={ad_id}&utm_term={keyword}&utm_ads={campaign_type}_{source_type};obshie;;;Доска обрезная||Брус||Доставка и услуги||Контакты;Сосна/ель, 1 и 2 сорт, цена за м³||Сосна/ель и осина, 100×100–150×150||Москва и МО, распил, антисептирование||м. Румянцево, ежедневно 10–19;https://kub-lesa.ru/catalog/doska-obreznaya/||https://kub-lesa.ru/catalog/brus/obreznoy/||https://kub-lesa.ru/dostavka/||https://kub-lesa.ru/kontakty/;Напрямую с пилорамы||Расчёт по списку||Распил до 3 м³ бесплатно||Ежедневно 10:00–19:00;
КЛ_Поиск_Общие_Опт;+;Текстово-графическое;8;Пиломатериалы общие;;Куб Леса — пиломатериалы;Доска, брус, листовые;Согласованные сечение и сорт. Распил до 3 м³ бесплатно.;https://kub-lesa.ru/?utm_source=yandex&utm_medium=cpc&utm_campaign={campaign_id}&utm_content={ad_id}&utm_term={keyword}&utm_ads={campaign_type}_{source_type};obshie;;;Доска обрезная||Брус||Доставка и услуги||Контакты;Сосна/ель, 1 и 2 сорт, цена за м³||Сосна/ель и осина, 100×100–150×150||Москва и МО, распил, антисептирование||м. Румянцево, ежедневно 10–19;https://kub-lesa.ru/catalog/doska-obreznaya/||https://kub-lesa.ru/catalog/brus/obreznoy/||https://kub-lesa.ru/dostavka/||https://kub-lesa.ru/kontakty/;Напрямую с пилорамы||Расчёт по списку||Распил до 3 м³ бесплатно||Ежедневно 10:00–19:00;
